{
  "n_videos": 252,
  "Acc": 73.58820945665207,
  "Edit": 75.49550046305917,
  "F1@10": 75.46857772877618,
  "F1@25": 70.28665931642777,
  "F1@50": 58.710033076074964,
  "boundary": {
    "0": {
      "precision": 1.3084112149532712,
      "recall": 1.3824884792626728,
      "micro_f1": 1.3444302176696545,
      "macro_f1": 1.3259333242435178,
      "tp": 21,
      "pred": 1605,
      "gt": 1519
    },
    "1": {
      "precision": 4.112149532710281,
      "recall": 4.3449637919684,
      "micro_f1": 4.225352112676056,
      "macro_f1": 4.435761246332078,
      "tp": 66,
      "pred": 1605,
      "gt": 1519
    },
    "2": {
      "precision": 6.915887850467289,
      "recall": 7.307439104674128,
      "micro_f1": 7.106274007682457,
      "macro_f1": 7.8435452830782255,
      "tp": 111,
      "pred": 1605,
      "gt": 1519
    },
    "4": {
      "precision": 12.52336448598131,
      "recall": 13.232389730085584,
      "micro_f1": 12.86811779769526,
      "macro_f1": 14.4162013735546,
      "tp": 201,
      "pred": 1605,
      "gt": 1519
    }
  },
  "model": "ASFormer (BMVC21)",
  "dataset": "breakfast"
}