{
  "n_videos": 252,
  "Acc": 65.48943259296192,
  "Edit": 71.6527124325152,
  "F1@10": 72.07650273224043,
  "F1@25": 65.51912568306011,
  "F1@50": 50.92896174863388,
  "boundary": {
    "0": {
      "precision": 1.2332112332112333,
      "recall": 6.649111257406188,
      "micro_f1": 2.0805438253167168,
      "macro_f1": 2.2640997394919613,
      "tp": 101,
      "pred": 8190,
      "gt": 1519
    },
    "1": {
      "precision": 3.833943833943834,
      "recall": 20.6714944042133,
      "micro_f1": 6.468225357915336,
      "macro_f1": 7.2671934996756935,
      "tp": 314,
      "pred": 8190,
      "gt": 1519
    },
    "2": {
      "precision": 5.86080586080586,
      "recall": 31.599736668861095,
      "micro_f1": 9.887733031208157,
      "macro_f1": 10.686639369363995,
      "tp": 480,
      "pred": 8190,
      "gt": 1519
    },
    "4": {
      "precision": 8.693528693528693,
      "recall": 46.87294272547729,
      "micro_f1": 14.6668039962921,
      "macro_f1": 15.56304389735424,
      "tp": 712,
      "pred": 8190,
      "gt": 1519
    }
  },
  "model": "ASRF (WACV21)",
  "dataset": "breakfast",
  "boundary_branch": {
    "0": {
      "precision": 1.2332112332112333,
      "recall": 6.649111257406188,
      "micro_f1": 2.0805438253167168,
      "macro_f1": 2.2640997394919613,
      "tp": 101,
      "pred": 8190,
      "gt": 1519
    },
    "1": {
      "precision": 3.833943833943834,
      "recall": 20.6714944042133,
      "micro_f1": 6.468225357915336,
      "macro_f1": 7.2671934996756935,
      "tp": 314,
      "pred": 8190,
      "gt": 1519
    },
    "2": {
      "precision": 5.86080586080586,
      "recall": 31.599736668861095,
      "micro_f1": 9.887733031208157,
      "macro_f1": 10.686639369363995,
      "tp": 480,
      "pred": 8190,
      "gt": 1519
    },
    "4": {
      "precision": 8.693528693528693,
      "recall": 46.87294272547729,
      "micro_f1": 14.6668039962921,
      "macro_f1": 15.56304389735424,
      "tp": 712,
      "pred": 8190,
      "gt": 1519
    }
  },
  "boundary_source": "BR-branch"
}