{
  "n_videos": 252,
  "Acc": 74.11509590005976,
  "Edit": 73.29526912668271,
  "F1@10": 75.16395779868833,
  "F1@25": 70.08839463929284,
  "F1@50": 58.05531793555745,
  "boundary": {
    "0": {
      "precision": 1.8194070080862534,
      "recall": 1.7774851876234363,
      "micro_f1": 1.798201798201798,
      "macro_f1": 1.9405717570860823,
      "tp": 27,
      "pred": 1484,
      "gt": 1519
    },
    "1": {
      "precision": 3.840970350404313,
      "recall": 3.7524687294272545,
      "micro_f1": 3.796203796203796,
      "macro_f1": 4.139469964387652,
      "tp": 57,
      "pred": 1484,
      "gt": 1519
    },
    "2": {
      "precision": 6.132075471698113,
      "recall": 5.990783410138248,
      "micro_f1": 6.06060606060606,
      "macro_f1": 6.332304194914151,
      "tp": 91,
      "pred": 1484,
      "gt": 1519
    },
    "4": {
      "precision": 8.962264150943396,
      "recall": 8.755760368663594,
      "micro_f1": 8.857808857808855,
      "macro_f1": 8.969517755671994,
      "tp": 133,
      "pred": 1484,
      "gt": 1519
    }
  },
  "model": "C2F-TCN (TPAMI23)",
  "dataset": "breakfast"
}