{
  "n_videos": 252,
  "Acc": 77.39928218399675,
  "Edit": 77.94143687000826,
  "F1@10": 80.27483538505582,
  "F1@25": 76.95390781563127,
  "F1@50": 66.36129401660465,
  "boundary": {
    "0": {
      "precision": 2.585034013605442,
      "recall": 2.5016458196181697,
      "micro_f1": 2.542656406825025,
      "macro_f1": 2.688926836427942,
      "tp": 38,
      "pred": 1470,
      "gt": 1519
    },
    "1": {
      "precision": 7.278911564625851,
      "recall": 7.044107965766952,
      "micro_f1": 7.159585145533624,
      "macro_f1": 7.23464399391349,
      "tp": 107,
      "pred": 1470,
      "gt": 1519
    },
    "2": {
      "precision": 12.51700680272109,
      "recall": 12.113232389730086,
      "micro_f1": 12.311809969889595,
      "macro_f1": 12.576982294452518,
      "tp": 184,
      "pred": 1470,
      "gt": 1519
    },
    "4": {
      "precision": 20.272108843537413,
      "recall": 19.618169848584596,
      "micro_f1": 19.939779190364675,
      "macro_f1": 21.03292284196671,
      "tp": 298,
      "pred": 1470,
      "gt": 1519
    }
  },
  "model": "DiffAct (ICCV23)",
  "dataset": "breakfast"
}