{
  "n_videos": 252,
  "Acc": 76.54079165529004,
  "Edit": 76.73449080486894,
  "F1@10": 77.07477403451108,
  "F1@25": 72.58285401259927,
  "F1@50": 61.95562859490551,
  "boundary": {
    "0": {
      "precision": 0.9828009828009828,
      "recall": 1.053324555628703,
      "micro_f1": 1.0168414362885287,
      "macro_f1": 1.0819573061575125,
      "tp": 16,
      "pred": 1628,
      "gt": 1519
    },
    "1": {
      "precision": 2.764127764127764,
      "recall": 2.9624753127057275,
      "micro_f1": 2.859866539561487,
      "macro_f1": 2.8949587693690595,
      "tp": 45,
      "pred": 1628,
      "gt": 1519
    },
    "2": {
      "precision": 4.975429975429976,
      "recall": 5.332455562870309,
      "micro_f1": 5.147759771210677,
      "macro_f1": 6.056792358250662,
      "tp": 81,
      "pred": 1628,
      "gt": 1519
    },
    "4": {
      "precision": 10.257985257985258,
      "recall": 10.994075049374588,
      "micro_f1": 10.613282491261518,
      "macro_f1": 12.137953356222681,
      "tp": 167,
      "pred": 1628,
      "gt": 1519
    }
  },
  "model": "LTContext (ICCV23)",
  "dataset": "breakfast"
}